Nama,Harga,Stok
sepatu safety STARDO kulit,115000,9
Sepatu Safety - Safety Low Boots - Sepatu Kerja Safety Industry Proyek Safety Shoes Premium,135000,488
Sepatu Safety Original Sefty Shoes Kerja Proyek Lapangan Septi Ujung Besi Pria Wanita Terbaru,146500,797
sepatu safety boot pria kulit asli boyken fullblack,160000,7
Sepatu Safety Boot Original Sefty Shoes Septy Proyek Cowok Lapangan Ujung Besi Terbaru DRK,167000,989
Sepatu Sekolah - Warrior Sparta HC - Black White,119900,2
Sepatu Sekolah - Warrior Sparta LC - Black White,114900,3
SEPATU CONVERSE 70S HIGH PREMIUM - SEPATU CONVERSE 70S IMPORT - SEPATU CONVERSE - SEPATU SEKOLAH,162000,89
Alas Kaki Sepatu Sport,19000,1944
SEPATU PRIA HITAM BONUS KAOS KAKI DAN SISIR,49000,9998
Dr. Kevin Sepatu Sneakers Sport Olah Raga Pria Kets Sepatu Sekolah 889-057 Hitam,139900,4
Alas Kaki Sepatu Absorb Gel Orthotic Arch,16400,125
SEPATU AP BOOTS TERRA ECO 3 HITAM - AP TERRA ECO 3 KARET TINGGI HITAM,80000,42
Sepatu Pria Casual Nevis Nvs 06 Sneakers Kets Sekolah Original Hitam,104900,992
Sepatu pantofel kulit sapi asli jaminan uang kembali jika bukan kulit 177,115000,1
Sepatu Safety Ujung Besi Original SevenPoint Septi Boots Casual Proyek Kerja Lapangan Works Boots,167000,969
Sepatu Safety Boots Pria Low Pendek Kerja Proyek Gunung Hiking Lavio Leacher Original,220000,486
Sepatu Safety Kulit Original Ujung Besi Full Jahit Sefty Kitchen Outdoor Lapangan Proyek Lavio Mars ESC,225000,230
sepatu safety boot kulit boyken,160000,8
sepatu safety BOYKEN model tali,150000,10
Sepatu Converse All Star High hitam putih,80000,3419
Sepatu Converse All Star Clasic Premium - Sepatu Converse 70s - Sepatu Sekolah,119000,66
SEPATU CONVERSE 70S HIGH BLACK WHITE SOL GLOSSY 39-43,120000,188
Sepatu Converse 70s low import - Sepatu All Star 70s Premium - Sepatu Converse Sekolah,155000,374
SEPATU SPORT PRIA MURAH BERKUALITAS BONUS KAOS KAKI DAN SISIR,49000,9992
Sepatu Joemen J 49 Original Import Sepatu Pria Wanita Kerja Sekolah Olahraga,120000,977
Sepatu Ventela Public Low Black Natural Ventela Public Low Black,259900,8
SEPATU SNEAKERS ORIGINAL NIKE AIR FORCE 1 PRIA WANITA FULL WHITE,299000,38
Sepatu Kickers Pantofel Kulit Asli Pria Pantofel Kerja Kantoran,65000,9994
Sepatu Ventela Ethnic Black Natural Low Ventela Ethnic Black Natural,180900,77
SEPATU SLIP ON PRIA TERLARIS SEPATU CASUAL PRIA ONKE TERMURAH,39800,999989
Sepatu GUCCI Sneakers Branded Original 100% Preloved for Men Pria Bekas Terawat,1100000,1
Sepatu Sneakers Reebok Zig Kinetica Edge,800000,5
Sepatu Sneakers Reebok Zig Kinetic Green,800000,5
Sepatu Safety Boots Proyek Kulit Sapi Asli Kerja Lapangan Septi Boat Bangunan Sefty Ujung Besi 005 DRK,247500,988
AP BOOTS Terra Eco 3 Hijau Kuning dan Orange Size 38-43 - Sepatu Boot Kerja Karet Tinggi Panjang - AP Boots Terlaris Termurah - Twofeet,83000,83
SEPATU SLIP ON PRIA TERBARU ONKE VK03 SEPATU SLIP ON PRIA MURAH,39786,99972
sepatu converse allstar 1970 os original grade premium,160000,20
SEPATU VANS VAULT OLD SKOOL OG BLACK WHITE GRADE ORIGINAL,119000,200
AP BOOTS ORCA - Sepatu Ap Boots ORCA - Sepatu Boots Anti Hujan Anti Banjir Size 38-43 - AP BOOTS,76500,43
SEPATU SAFETY KEVLAR SPORT COKLAT KUNING IMPORT,380000,34
Lem Sepatu Super Kuat 60ml Shoe Glue Penambal Sol Tas Sendal Tahan Air,4200,3203
Sepatu boot Sawah panjang anti keong boots mancing berkebun bertani  tambak kebun,140000,10
Sepatu Warrior Sparta LC Black White 33-43 Warrior Allstar Pendek,114900,5
Paulmay Sepatu Slip on Pria Nagoya - Grey,184090,15
sepatu joemen J 21 ori handmsde untuk kerja kuliah sekolah pesta,120000,854
Alas Kaki Sol Sepatu Soft Silicone Gel - J123,13900,69
Sepatu Presiden Jokowi NAH Project YAS Flexknit v 2.0 Triple Black,75000,1
Sepatu Sneaker Pria Safety Ujung Besi Sneakers Original Lavio Alden,230000,188
sepatu safety BOYKEN pendek,150000,9
Sepatu kasual semi pantofel boot low kulit asli kerja out door hiking,130000,7
Sepatu Safety Kulit Sapi Asli Slip On Original Septy Slop Selop Kerja Lapangan Proyek Industri Sefti Shoes Septi Pria Ujung Besi Savety Cowok 04 DRK,207500,970
Sepatu Safety Boots Pria Kulit Sapi Asli Original Septy Septi Cowok Sepatu Lapangan Proyek Industry Tanpa Tali Ujung Besi Baja Sefty,227500,988
AEROSTREET X Paddlepop 41 PUTIH ABU MUDA BIRU SEPATU SNEAKER CASUAL,350000,1
Sepatu Pantai Slip On Aqua Beach Slippers - XH80,62600,64
SEPATU BOOT AP HOBBY & WORK - SEPATU BOOTS AP HOBBY AND WORK - AP BOOTS HOBBY AND WORK 39-42 BLACK RED,64000,209
Sepatu Pantofel Karet Merk ATT AB 505 - Hitam,29000,20
Tali Sepatu Elastis Karet Silikon REIKO Shoelace Lazy Lace Shoes Warna Warni 1 Set Isi 16pcs,9500,238
Sepatu Pantofel Kulit Sapi Asli Kickers Formal Kerja Kantor Pria Hitam Coklat Tua,96250,381
Alat Jahit Sol Sepatu Canvas Kulit dengan 3 Jenis Jarum Reparasi Sepatu,15500,473
Sepatu Karet PVC Anti Tembus Air Banjir Hujan AP BOOTS MOTO 3 MOTO3 - Hitam 38,115888,31
SEPATU SNEAKERS PRIA M.U.S.A TERLARIS SEPATU FASHION PRIA SEPATU SNEAKERS MURAH,41900,999989
Ventela Republic GUM LC - Sepatu Ventela Republic GUM Low,272900,11
Sepatu Ventela Basic Black natural HC Ventela Basic Black High,196900,3
Sepatu Ventela Public Low,245000,26
Sepatu Safety ujung besi kulit asli king stell slip on,170000,10
Sepatu Safety Pria Boots High Premium Quality Hiking Proyek Outdoor Touring Original Kualitas Terjamin Lavio Axel,220000,597
Pengering Sepatu Elektrik Shoe Dryer 200W 220V - 0105,137500,77
Sepatu Safety Pria Ujung Besi Septi Sefti Sefty Kerja Lapangan Proyek Savety Cowok DRK,135000,987
sepatu pantofel sepatu kerja sepatu formal sepafu kulit asli sepatu sneaker sepatu pria,350000,45
Sepatu PDH Resleting Tali Kulit Mengkilap - Sepatu Kulit Tali Lux,220000,4
Sepatu Vans Old school Classic Premium Import Pria Wanita BISA COD,125000,93
Nukus Sepatu Safety Casual Ujung Besi Tali Pendek - SFM P Hitam,126150,4
Sepatu Sneakers Pria Kuzatura NC - KZS 555,146000,96
SEPATU SLIP ON PRIA VANS OG GOOD QUALITY,100000,38
Sepatu Sekolah - Patrobas Ivan - Black White,235000,3
Sepatu Kodachi 8116 Black Silver Kodachi Badminton Hitam Silver,99900,12
Sepatu sekolah convers allstar,55000,89
Sepatu Air Max 97 Undefeated White,360000,17
Ap Boots All Bike - Sepatu Berkendara Full Karet Tanpa Lem dan Jahitan Abu size 39 - 43 - Sepatu Sepeda - Twofeet_id,50900,30
Sepatu Safety Boots Original Sefty Kerja Lapangan Proyek Septi Pria Wanita Ujung Besi DRK,159000,998
Share: Sepatu Safety Pria Kulit sapi Asli Septi Kerja Lapangan Outdoor Motor Hiking Safti Tracking Ujung Besi Baja Proyek DRK,253000,989
SEPATU PRIA WANITA  SLIP ON TERBARU ONKE AL03 SEPATU SNEAKERS TERMURAH,41800,99985
Sepatu Pantofel pria sepatu kulit asli sepatu formal sepatu casual sepatu kerja Boston Zico,225000,246
sepatu safety selop slip on. ujung besi kulit asli kr10,150000,4
Aerostreet 36-45 Osaka Hitam Emas - Sepatu Sneakers Sport 21HH20,149900,510
Sepatu Boot Tinggi AP Boots AP SAFETY S5 Black Steel Toe + Mid Sole,200000,41
Sepatu ATT AWK 557 Sepatu Pantofel Sepatu Karet Pria,36500,12
Sepatu Boots Pria AP CHEF,135000,55
Leather Lotion Perawatan Tas Kulit Sepatu Jaket 75ml Cololite 0002,62700,23
sepatu warrior sparta HC,119900,100
Sepatu pantofel pria kulit sapi asli gak kulit uang kembali 178,115000,1
SEPATU SLIP ON PRIA ARDILES AM-EXXON AM-PIRAMIDE ENTENG,85000,2
SEPATU BOOT TINGGI AP BOOTS AP MOTO 2 HITAM MERAH SEPATU BOOT KARET BIKERS MOTOR SEPATU ANTI SLIP FASHION PRIA SIZE 38-45,97000,59
Sepatu Boot AP 9303,100000,998
Xiaomi Alas Sepatu Sneaker Breatheable Anti Bakteri,47900,76
Share: Sepatu Safety Slip On Original Septy Slop Selop Kerja Lapangan Proyek Septi Pria Wanita Ujung besi Savety Anti Slip Kitchen 003 DRK,146500,988
Sepatu Kasual SlipOn Pria - E066,156000,77
Xiaomi Alas Sepatu Sneaker Anti Bakteri - M329,162900,77
Sepatu Safety Boots Pria Proyek Ujung Besi Kerja Lapangan Hiking Gunung Adventure Touring Outdoor Lavio Leacher Original,220000,494
Sepatu Safety Slip On Original Septi Pria Wanita Ujung besi Septy Slop Selop Kerja Lapangan Proyek 03,146500,999
sepatu boot Boston Torino-sepatu kulit - pantofel - bally - brodo- pedro - kickers -  sepatu pria - sepatu kerja - sepatu casual - sepatu murah,320000,28
Promo New sepatu converse Ctr Abu-Abu Top Premium,150000,16608
Sepatu Safety Proyek Ujung Besi Septi Kerja Lapangan Kulit Sintetis Tali Septy Shoes Boot Savety Pria DRK,140000,998
Sepatu Pria Safety Ujung Besi Lavio Geneva Low Suede Premium,229000,500
Sepatu Boot New Era Orange Size 38 - 43 - Sepatu Proyek New era - Sepatu Boot Panjang New Era,77500,54
SEPATU ACG MOUNTAIN FLY 2 LOW NETRAL OLIVE MOUNTAIN GRAPE HIGH PREMIUM ORIGINAL,600000,89
Sol Sepatu Alas dalam sepatu Insole tebal 8mm Insol Sepatu PDL Sepatu tentara sepatu safety,8000,9998
SEPATU SLOP SLIPON CONVERSE ALLSTAR SNEAKER CASUAL PRIA WANITA,66200,40
Sepasang Tali Sepatu Sneakers Pipih Murah Tali Gepeng Shoelaces J179,2500,88
Sepatu Kodachi 8115 Black  Sepatu Kodachi Badminton Kodachi Hitam,97500,36
Aerostreet 36-45 Tokyo Putih Army - Sepatu Sneakers Casual 21II210,139900,122
Shoe Expander Stretcher Alat Pembesar Pelebar Perenggang Sepatu,85000,111
Dr. Kevin Sepatu Sport Pria Kets Kasual Sneakers 889-048 hitam,154900,20
Aerostreet 36-45 Osaka Putih - Sepatu Sneakers Sport 21HH20,149900,66
Sepatu Safety Slip On Pria savety shoes Ujung Besi Septi Slop Proyek Lapangan DRK,135000,988
Sepatu Warrior Sparta Original harga murah,115000,3
Leonardo Black |Salis-NAZ| Sepatu Sneakers Casual Pria Premium High Quality Original,189070,100
Tali Sepatu Elastis Lembut Ulir Soft Shoelace Elastic,30000,12
sepatu pantofel kulit asli model orlando - boots - brodo - bally - pedro-kickers - sepatu pria- sepatu kerja - sepatu casual - yongki komaladi- fladeo,310000,6
Aerostreet 36-45 Massive Hitam Hitam Gum - Sepatu Sneakers Casual 21HH23,129900,110
Sepatu Pantofel Karet ATT AB 375,29000,11
Aerostreet 37-44 Comfy Khaki - Sepatu Slip On Pria Wanita,129900,107
SEPATU SPORT PRIA BONUS KAOS KAKI - MASKER & SISIR,49000,99995
Sepatu Boot Sawah Panjang Korea,135000,15
sepatu sekolah warrior tinggi nb-MB Master basket hitam putih,130000,8
Wooden Shoe Stretcher Expander Alat Perenggang Pembesar Ukuran Sepatu,85500,1110
Parfum Sepatu dan Helm Pewangi sepatu Jaket Anti Bau dan Bakteri Penghilang Bau Untuk Sepatu Sneakers Jaket Helm Spray,7875,47
Sepatu Pria Safety BESI Hipzo M 41 Original 100 Untuk Pria Kerja Proyek,140000,916
Aerostreet 37-44 Vintage Krem Coklat Tua - Sepatu Sneakers Casual,149900,145
Sepatu Safety Pria Original Slip On Septi Shoes Sefty Kerja Lapangan Safty Ujung Besi Spatu Kerja 04,146500,887
Sepatu Boot Pria Safety Ujung Besi Lavio Geneva High Original Outdoor Boots High Premium Quality Booster Mood Bikers Touring Hiking Gunung,229000,3600
Sepatu pantofel pria kulit asli Boston Leeds - Bally-kickers-brodo-pedro-gaul-kantor- formal,350000,74
Share: Sepatu Safety Boots Pria Wanita Original Sevenpoint Septy Ujung Besi Kerja Proyek Lapangan Sefty Outdoor Touring Tracking DRK,186500,989
sepatu pentovel pdh kulit sapi asli ts untuk dinas tni polisi security pns kerja kantor instansi tali resleting,178500,47
sepatu formal kickers pantofel kulit asli Sepatu kantor pria,172000,135
Sepatu Pantofel Crocodile Pria Leather Sepatu Kerja Cowok,80000,999
Sepatu WARRIOR SPARTA High Cut Sekolah Hitam Putih Sneakers Kanvas,99500,2
Alas Sol Dalam Sepatu Shock Absorb Gel Orthotic Arch - KYL,26200,187
Sepatu Vans Old Skool Calssic Basic Black White Hitam Putih - Original Premium IMPORT Sekolah Skate Murah,250000,5
Sepatu Pdh,99000,198
SEPATU CONVERSE 70S LOW HITAM PUTIH GLOSSY GRADE ORIGINAL,105000,96
Sepatu Warrior Spartan Sepatu sekolah warrior hitam sepatu Dilan,119000,4
Sepatu Sneakers Casual Kasual Putih Polos White LAF Project,199000,47
Aerostreet 39-44 Massive Costa Hitam Gum - Sepatu Sneakers Casual,149900,135
D'lafeet Sepatu Sneakers Sekolah - Mex Black,499000,19
Premium Shoe Cleaner Sabun Cuci Pembersih Sepatu Instant Shoes Cleaner,26450,81
Sepatu Safety Pria Original Septy proyek kerja lapangan Working Septi Ujung Besi sefty shoes DRK,146500,989
Sepatu Joemen J 41 Original Import pria kerja kantor sekolah hitam termurah kasual pria sepatu kasual slip on loafer keren,125000,9998
sepatu pantofel pria sepatu slip on model valerio sepatu kerja sepatu formal sepatu boot,350000,99
sepatu pantofel kulit Boston Gothic sepatu kerja sepatu formal sepatu casual,310000,48
D'lafeet Sepatu Sneakers Sekolah - Mell Black,65000,30
SEPATU SNEAKERS PRIA CASUAL NKE 1974 SEOATU RUNNING LARI WORKOUT GYM SNEAKERS CASUAL PRIA,172500,24
SEPATU SNEAKERS CASUAL PRIA RUNNING GYM WORKOUT PRIA CASUAL SNEAKERS,180000,20
sepatu boot sepatu kulit asli sepatu pantofel separu casual,310000,50
Sepatu Kanvas KODACHI GALAXY INTERNASIONAL Sneakers Busa Retro Klasik,137000,2
Sepatu weidenman Stinger 02,265000,12
sepatu joemen J 21 ori handmsde untuk kerja kuliah sekolah pesta,120000,854
Sepatu Sneakers Casual Pria Gladio Baretto Original Handmade Kulit Asli Formal Kerja Kantor Sekolah Kuliah Anak Remaja Dewasa Keren Masa Kini Murah,187500,27
TERMURAH Sepatu Sneakers Nike Air Max Zoom Pegasus Untuk Running Olahraga Lari Pria Cowo Laki Hitam Putih Navy Merah Murah Grosir Grade Ori,120000,8
Sepatu WARRIOR ARTHUR Sneakers Slip On Kanvas Klasik Pria Wanita,130500,5
Cairan Pembersih / Pemutih Sepatu Ajaib Semir Sepatu Putih,4500,55524
ARDILES MONORUS  - SEPATU SLIP ON ARDILES ORIGINAL - SEPATU CASUAL TRENDY SANTAI ENTENG / SEPATU SLIP ON ARDILES PRIA,85000,1
Sepatu Kulit Casual  pria HIRIO 03,115000,30
Aerostreet 36-45 Massive Low Hitam - Sepatu  Sneakers Casual Sport Pria Wanita Aero Street 21AA30,129900,70
Sepatu Safety Original Pria Tali Septi Sevenpoint Proyek Lapangan Industry Sefty Shoes Kulit Asli Spatu Safty Septy Cowok Ujung Besi DRK,217500,999
Sepatu Safety Original Pria Wanita Saveti Shoes Boots Kerja Proyek Lapangan Chef Ujung Besi Sefty Septi 003 DRK,152500,999
sepatu tassel model docmart sepatu dokmart sepatu loafers sepatu pantofel sepatu kerja sepatu kulit asli sepatu pria sepatu formal,300000,50
sepatu kulit pantofel model leads  boston-brodo-bally-sepatu kerja-sepatu formal,350000,30
sepatu pantofel pria kulit asli Boston Monaco sepatu casual sepatu kulit sepatu formal sepatu kerja,350000,36
SEPATU SPORT NIKE BONUS KAOS KAKI - MASKER & SISIR,49000,899998
Sepatu Pantofel Kulit Kickers Pria L05 Premium,85000,208
Vatto X-Line Hitam Abu Sepatu Olahraga Impor Pria Lari Joginga Sport,99000,9
SEPATU SAFETY SNEAKER SLOP JB HITAM IMPORT,328500,32
Aerostreet 37-44 Hoops Low All Black - Sepatu Sneakers Casual,149900,359
Semir Sepatu Cair 45ml Liquid Shoe Polish Premium Cololite 1201-0001,29800,31
Sepatu PDH Rambo Kulit Mengkilap - Sepatu Kulit Tali Lux,250000,3
Sepatu Sneakers kets Pria SS-SENJI sepatu sneaker pria termurah,42900,494
Sepatu Pria Casual Nevis NVS 05 Sneakers Kerja Sekolah Kuliah Original,109900,9970
Sepatu Pantofel Kulit Sapi pria jaminan uang kembali jika bukan kulit 174,115000,3
sepatu boot pria sepatu touring sepatu bikers sepatu pantofel sepatu casual model leopard,375000,50
sepatu boots kulit model castle- bally- pedro-kickers - sepatu pria - sepatu kerja-sepatu casual-sepatu gaul,390000,44
sepatu pantofel kulit pria model Porto sepatu kerja sepatu formal sepatu boots sepatu kulit,350000,50
sepatu boot kulit pria model stanly sepatu kerja sepatu pantofel sepatu kerja sepatu formal,300000,50
SEPATU SNEAKERS CASUAL PRIA NB 992 CASUAL SNEAKERS PRIA GYM LARI WORKOUT SNEAKERS,178000,20
Sepatu Slip On Pria - Sepatu Slop - Sepatu Flat Pria - Sepatu Casual Pria CS 001 HT,44900,97
Sepatu Warrior Arthur White / Sepatu Warrior Slip On Putih / Warrior,149900,1
Alas Kaki Sepatu Sport - Y3Y27,12700,97
SEPATU BOOTS JUMBO SIZE - SEPATU BOOTS BIG SIZE - AP 9303 JUMBO SIZE 40 - 45 BOOTS KARET -TWOFEET,97900,49
Sepatu PDH Sepatu Pantofel Dinas Mengkilap,110000,93
Aerostreet X Gibran 2 36-46 Putih Krem Coklat - Sepatu Sneaker Casual,179900,187
Sepatu Patrobas equip Low black white Patrobas equip black white Low,247900,1
Sepatu PDH resleting,135000,59
Sepatu Sports Pria Terbaru Pendek Tali Putih - NKTM 07,100800,3
Sepatu Kulit Joemen J 40  Original Import,90000,974
sepatu slip on pria sepatu kulit sepatu pantofel sepatu kulit sepatu loafers sepatu kerja sepatu pria sepatu formal,299000,50
Sepatu Boots Pria Original Touring Hiking Gunung Proyek Outdoor Anti Slip Lavio Axel Original,220000,320
sepatu boots kulit model york- pantofel - bally - pedro-kickers - brodo - fladeo- yongki - sepatu pria - sepatu kerja,350000,47
sepatu boot kulit pria model Smith sepatu kerja sepatu formal sepatu santai sepatu pantofel,320000,50
Sepatu Safety Boots Slop Original Septy Slip On Boot Kerja Lapangan Proyek savty Ujung Besi Spatu Septi Resleting DRK,165000,949
sepatu kulit pantofel Boston verona -  boots - brodo -  bally - kickers - sepatu pria - sepatu kerja - sepatu casual,320000,37
Sepatu Formal Pria Pantofel Kulit Asli Oxford Full Black,228000,98
SEPATU SNEAKERS CASUAL RUNNING PRIA NKE GUIDE 10 SEPATU OLAHRAGA LARI RUNNING GYM WORKOUT PRIA,175000,20
sepatu kulit pantofel model genova - boots - bally - brodo - pedro- Fladeo - kickers - sepatu pria - sepatu kerja,297000,61
Sepatu Pria Casual Santai Kerja Kantor Formal Lavio Arnold Original,195000,360
Sepatu safety pendek model slop bahan kulit asli,115000,10
Sepatu Air Max 97 Triple Black White Persian Violet Obsidian white Nebula Steelers Jayson Tatum Premium Quality,389999,24
Aerostreet 36-45 Brave Low Hitam - Sepatu Sneakers Casual Sport Pria Wanita Aero Street 21AA30,139900,55
Sepatu Pria Air Viecone Sneakers Kasual Retro Santai,89000,97
Sepatu Ventela Ethnic Allblack Low  Ventela Ethnic All Black LC,180900,41
Vatto - Vorza | Sepatu Sneakers Impor Running Sport Casual Pria Wanita,125000,10
Sepatu Safety - Sepatu Proyek - Safety Shoes,133000,1588
SEPATU SAFETY HITAM GARIS BIRU MESH IMPORT,333000,40
Tali Kulit 120cm Variasi Warna untuk Sepatu Boots (Leather Shoelaces),79000,199
SEPATU SAFETY HITAM SLOP SPORT IMPORT,346500,21
Tali Sepatu Elastis Elastic Shoe Lace Lock Ulir,50000,20
sepatu casual slip on pria terbaru DNKE simple tanpa tali sepatu running cod,41900,9977
SEPATU BOOTS LAVIO MORISEY COMBINE EDITION,312000,100
Sepatu Pria Casual Original Santai Sekolah Kuliah Kerja Lavio Malvyn Best Quality,195000,211
Cover Sepatu Anti Basah dengan Reflektor Cahaya Rhodey Rain Cover Hujan Sepatu,53528,1
Aerostreet 37-44 Comfy Krem - Sepatu Slip On Pria Wanita,129900,75
KipzKapz Shoelace - R6 Brown Beige 140cm 160cm - Tali Sepatu Bulat Round 4mm,28000,997
Sepatu PDH TNI Kulit Jatah Badan Pembekalan,145000,98
Lem Perekat Sepatu Kuat 60ml Shoe Glue Penambal Sol Sepatu Waterproof,4100,3203
Sepatu Pantofel Pria Sepatu Kickers Sepatu Formal Kerja,71476,9951
Sepatu K-ZOOT Alonzo Original,220000,16
Sepatu Sekolah - Warrior Sparta HC - All Black,119900,2
Sepatu JOEMEN J 74 Sepatu Sneaker casual Running Olahraga Outdoor Sporty,98900,1000
Sepatu PDH Kulit Exclusif - Sepatu Kulit Tali Exclusif,215000,1
SEPATU VANS AUTHENTIC CLASIC BLACK WHITE GRADE ORIGINAL,115000,98
Sepatu Safety Boots Original lavio Kulit Asli lavio Blood,488000,100
Cevany Sepatu Pria Kulit Asli Casual Formal Seri Davis - A04 Hitam,275000,100
SEPATU CLADICO ROCKWELL HIGH ORIGINAL BEST QUALITY,336000,100
Sepatu Pantofel Karet Merk ATT AB 505 - Hitam,29000,20
Sepatu Safety Slop - Safety Slip-on Sepatu Kerja Safety Selop - Safety Shoes Slip On Premium Safety,135000,2734
SEPATU SANTAI PRIA KULIT 01,90000,75
Aerostreet 37-44 Comfy Army - Sepatu Slip On Pria Wanita,129900,30
Sepatu pantofel pria bahan kulit sapi asli ht 2016,115000,2
Dr. Kevin Sepatu Sport Pria Men Sneakers 889-022  Coffee,70000,17
Sepatu Slip On Casual Spotec Lexi Hitam Hitam,239000,4
Sepatu Warrior Venus Black White LC  Warrior Venus Hitam Putih Low,124900,38
Lem Sepatu Super Kuat Untuk Canvas Kulit Karet Suede Eva Sandal Sol,30000,976
SEPATU PDH POLRI TNI DINAS SECURITY KANTOR TALI MENGKILAP SEPATU PRIA PANTOFEL,95000,997
Sepatu Ventela X Evil X Papa Gading High Ventela All is Well High,422900,8
Sepatu selop bahan kukit sapi asli fd 1,95000,1
SEPATU CASUAL LOAFERS COCOK UNTUK KERJA HILTON BY LAVIO,296000,101
SEPATU PRIA LAVIO PARKER KULIT SAPI ORIGINAL,472000,100
sepatu kulit boot model Torino,380000,20
Sepatu Pria Safety Boots Proyek Boots Pendek Ujung Besi Kerja Lapangan Industri Outdoor Cladico Lion Low,173000,597
SEPATU SAFETY BOOTS PRIA LAVIO MORISEY THIEF ORIGINAL,312000,1000
Sepatu Kulit Asli Damans Brown Blazzer Kasual Rasa Lokal,525000,15
Sepatu Kulit Asli Pantofel/Kerja Julien Brousseau,385000,15
Sepatu Slip on pria wanita dewasa onke polos sepatu slip on termurah,39843,99996
Share: Sepatu Safety Pria Wanita Boots Original Sevenpoint Septy Septi Shoes Sefty Ujung Besi Proyek Lapangan 007 DRK,149500,989
Sepatu Pantofel Pria Formal Kulit  Cevany  - Seri Badami Hitam,275000,100
Semir Sepatu Cair 20ml Liquid Shoe Polish Premium Cololite 1201-0012,16000,98
SH50 Sepatu Import Sneakers Pria Fashion Men Shoes,46500,10
TERBARU Sepatu Sandal Slop Pria Warna Hitam Sandal Slop Simple,30000,10000
Vatto - Diego | Sepatu Pria Hitam Sport Running Jalan Hitam Gym import Sneakers Original,115000,8
Sepatu Pantofel Pria Crocodile Kulit PU Formal Kerja Casual PDH Cowok,80000,964
Sepatu Warrior Sparta All Black Low Sepatu Warior Hitam Pendek,114900,3
Parfume Penghilang Bau Sepatu Tidak Sedap Anti Bakteri Jamur Shoe Deodorant Spray Semprotan Parfum Pengharum Pewangi Anti Bau Kaki Serbaguna,12250,406
"AP Boots Ap Ultimate 3.0 2015 / Sepatu Safety Boots Panjang Anti Air  HIJAU , ABU , ORANGE & HITAM Size 39 - 43",115900,21
Sepatu Sneakers Pria Fashion Original Sneaker Import Casual Kasual Kekinian,145000,199
Sepatu Sneakers Running Pria terbaru sepatu pria terlaris,34900,9989
SEPATU PDH MODEL TERBARU BAHAN KULIT SAPI ASLI MERK MR MASTER SEPATU PDH DINAS KANTOR UNTUK TNI POLRI SECURITY SATPAM SEPATU PDH POLANTAS,335000,50
Sepatu Safety Pria Kulit Sapi Asli Original Safty Shoes Ujung Besi Baja Septi Proyek Sefty Lapangan Industry Resleting Tanpa Tali Slop Selop DRK,227500,979
Sepatu Pria Kasual Kerja Kantor Formal Pantofel Lavio Anola Original,195000,169
Sepatu Pria Casual Kantor Formal Safety Ujung Besi Frezz Risleting Original,220000,222
SEPATU SNEAKERS CASUAL PRIA TERBARU WINFLO CASUAL SNEAKERS RUNNING GYM WORKOUT CASUAL PRIA TERBARI,160000,20
Sepatu sawah panjang sepatu lumpur sawah anti keong anti air,140000,20
Sepatu Docmart Dokmar Pria  1060,239000,19
SEPATU CHEF SEPATU DAPUR KARET - AP CHEF 38-43 BLACK - AP BOOTS,135000,13
Dr. Kevin Sepatu Sneakers Sport Olah Raga Pria Kets Sepatu Sekolah 889-056 Hitam,139900,1
sepatu formal import  her-mess,595000,2
SEPATU NEW BASKET 338 LC SEPATU SEKOLAH - SEPATU SNEAKERS - TWOFEET_ID,105000,8
Aerostreet 37-44 Arrow Putih Abu - Sepatu Sneaker Casual,169900,41
SEPATU PRIA NEW BALANCE 1500 SNEAKERS PRIA SEPATU CASUAL PRIA OLAH RAGA SPORT SHOES MANTAP,150000,99
AP Boots 2017 Hijau lemon - Sepatu Boot Kerja Karet Hijau Tinggi Boots Aman Size 38-43 - AP BOOTS,87000,37
Sepatu Sneakers Pria Hitam Putih Keren Kets Slip On Sport Cowok Murah Terbaru Terlaris untuk Olah Raga Jogging Lari Kerja Formal Casual Original BG908,57000,98
"PENGKILAP DAN PEMBERSIH INSTAN SEPATU,TAS,JAKET BERBAHAN KULIT TANPA AIR VIRALO MULTI CLEANER",27500,60
Sepatu Pria Casual Formal Kerja Kantor Santai Lavio SVR Original,195000,266
Sikat Pembersih Sepatu Baju Multifungsi Halus Ecoco Shoe Brush E2219,35000,2
SEPATU PRIA SEPATU KULIT PANTOFEL PENINGGi BADAN KBP106 SEPATU KULIT ORIGINAL,1450000,11
SEPATU PRIA SEPATU CASUAL PENINGGI BADAN SEPATU KULIT ORIGINAL KBL180,1150000,12
Sepatu Tactical Swat 511 8 Inch PDL Polisi Militer,299000,995
Sepatu Pantofel Selop Pria Kulit Asli S 01,199000,18
Sepatu PDH resleting samping merk AR Exclusive hitam dove,200000,5
Hipzo Sepatu Safety Ujung Besi Boots Tinggi M056 Original 100% Kulit Sintetis Premium Untuk Pria,190000,999
ORIGINAL Sepatu anak Pro ATT LST 30-37  Pro ATT JAGUAR  Pro  ATT OR  Sepatu sekolah anak SD Tk  Sepatu anak sekolah hitam,115900,800
Sepatu PDH Asli Kulit Sapi Termurah Bandung,172800,99
SEPATU LOW BOOTS PRIA DR. MARTENS DOKMAR DOCMAR BAGUS MURAH  FREE KAOS KAKI BAGUS,130000,164
PROATT SEPATU SEKOLAH - SEPATU HITAM PRO ATT SHS483,98900,11
sepatu converse ct x hijau army sepatu allstar unisex berkualitas,109000,253
Sneaker Care Shampo pembersih Sepatu Sneaker 75ml Cololite 0004,68300,21
Tali Sepatu Tye Dye Shoeslace Tye Dye,35000,20
SEPATU PRIA HITAM BONUS KAOS KAKI DAN SISIR,49000,9998
Sepatu Vans Slip On Checkerboard Black White Original BNIB,320000,99
Sepatu PDH Mandiens S-03 SOL TEBAL DATAR - Sepatu Pdh Satpam Polri TNI,200000,98
sepatu pantofel kulit pria model Archie sepatu kerja sepatu formal sepatu casual boots sepatu dinas,350000,49
Sepatu Joemen j 28 Variasi Original import Sepatu kuliah kerja sekolah olahraga running termurah,120000,995
Promo sepatu pdh pentovel jatah tni polisi security pns kerja kantor instansi,115000,879
Sepatu Pria Lavio Geneva High Premium Original Safety Boots Safety Shoes Ujung Besi High Quality,229000,590
SEPATU SNEAKERS CASUAL PRIA NIKE GUIDE SNEAKERS CASUAL PRIA,165000,25
Sepatu Mandiens PDH POLISI - Sepatu Boot Pantovel Pantofel Kerja - Sepatu Kulit Kilap Sintetis Asli Original - Sepatu Kantor DISHUB TNI POLRI PDH R.03,165000,971
sepatu pdl tni sintetis,110000,89
Sepatu Pria Ardiles Slip On - Sepatu slop santai Sandal Crocs - Original,69999,11
LEOPARD SEPATU BOOT KARET SAFETY UJUNG BESI / STEEL TOE SAFETY SHOES RUBBER LEGION,99000,998
Alas Kaki Sepatu Sport,17200,999
sepatu warrior classic,122000,990
Sepatu Converse 70s Hitam High Premium Import Pria Dan Wanita- Sepatu All Star - Sepatu Sekolah,165000,79
SEPATU BOOT TINGGI AP BOOTS AP MOTO 3 HITAM MERAH SEPATU BOOT KARET BIKERS MOTOR SEPATU ANTI SLIP FASHION PRIA SIZE 38-45,101900,63
Sepatu Sneakers PORSEHC Casual Import - D27,125000,12
Aerostreet 36-45 Hoops Low Putih Abu Muda - Sepatu Sneakers Casual Pria Wanita Aero Street,149900,70
Sepatu ATT PSO 159 Sepatu Karet Sepatu Slip On Sepatu Pria,32500,14
MANDIENS Sepatu Pdh Formal Pantofel Pria Kulit Asli Sol TebaL,260000,100
Sepatu PDH-R.04 Kilat | TNI | POLRI | Tali & Retsleting,165000,98
Bradleys Nolan Black Sepatu Formal Pria Bahan Kulit Asli,394000,500
SEPATU SNEAKERS RUNNING CASUAL PRIA GYM WORKOUT RUNNING SNEAKERS CASUAL PRIA ADDS 1974,169000,25
Sepatu PDL MILITER | TNI | KULIT Asli,185000,102
Sepatu Sneakers Pria Wanita Nike Air Force One 1 Black White Import High Quality,260000,66
HARGA PROMO MURAH MERIAH SEPATU PDL BOOTS DINAS POLRI TNI DISHUB TARUNA SECURITY POLISI SATPAM PDH BERKUALITAS,90000,2
Sepatu Warrior Sparta HC black White Warrior CT Black Black white HC,119900,96
Aerostreet 37-44 Osaka All Black - Sepatu Sneakers Sport,279800,12
Sepatu Formal Casual Low Boots Docmart Hitam Cokelat Kulit PU,221000,100
Sepatu Kodachi 8115 PUtih Sepatu Kodachi All white  kodachi Putih,97500,80
Sepatu original handmade sepatu boot boots bagus sepatu pria pentopel sneakers sepatu casual sepatu kulit sepatu black master northmen rover,185000,986
sepatu sandal selop jari kulit asli,95000,40
Sepatu Boot Pria Boots Casual Kulit Asli Docmart aka Dr Martens Warna Hitam Dan Maron 1080,240000,8
SEPATU SNEAKERS RUNNING ORIGINAL NIKE AIR FORCE FULL BLACK,299000,45
Sepatu Boots Pria Lavio Ryuga Original,195000,116
Sepatu PDH Dinas Pendek Super Kilap,160000,790
Sepatu Formal Tali Kerja Kulit Kilap Pria KNSF 006,209900,5
SJ136-LUX SEPATU PDH / PDL TNI POLRI ASLI KULIT KILAP EXPORT QUALITY,350000,93
Sepatu Boots Proyek Bangunan Kitchen Safety Ujung Besi Anti Slip Lavio Viora Original Kulit Asli Premium Quality,250000,166
sepatu kickers levis,135000,463
Lem Sepatu Kuat / Lem Sepatu Tahan Air / Lem Sepatu Super Kuat / Perekat Alas Sepatu Yang Rusak / Lem Sepatu Tahan Air Super Kuat 50ml,8500,563
Sepatu Slip On Pria Casual Light Grey Max V.1 LAF Project,280000,5
Aerostreet 36-45 Hoops Army Gum - Sepatu Sneakers Casual Aero 21JJ10,159900,138
Aerostreet 36-45 Hoops Low Gum Hitam Hitam - Sepatu Sneakers Casual Pria Wanita Aero Street,139900,104
Sepatu Pantofel PDH PDL Polri TNI Tentara Kickers Kulit Asli,231000,69
sepatu kickers casual kulit asli sol jahit kuat,130000,294
Insole Sepatu Alas sepatu Anti Bau Sol sepatu Anti Panas Insoles,19000,21
SEPATU SAFETY KEVLAR SPORT LIST PUTIH IMPORT,227500,19
sepatu pria sepatu wanita sepatu converse sekolah all star high,79050,144
Daily Pembersih Sepatu Tanpa Air / Daily Shoe Cleaner Waterless,37720,996
SEPATU SPORT PRIA MURAH BERKUALITAS BONUS KAOS KAKI DAN SISIR,49000,9992
Sepatu Kerja Safety Sedang - Sepatu Safety Boots - Sepatu Kerja Safety,140000,9957
Sepatu PDH kerja Formal TNI kulit asli,155000,4
Sepatu PDH T.TALI - Sepatu Pdh Kilat - PDH TNI - PDH POLRI - Sepatu Kulit Sintetis Kilap - Sepatu Pria,160000,1099
Sepatu Sneakers Pria Fashion Original Sneaker Import Casual Kasual Kekinian,145000,199
SEPATU ADIDAS NEO CITY RACER NAVY SILVER ORIGINAL BNWB,212000,22
SEPATU SPORT PRIA BONUS KAOS KAKI - MASKER & SISIR,49000,99995
SEPATU KULIT BRADLEYS - SEPATU BOOTS CASUAL - SEPATU KERJA - SEPATU PRIA BRADLEYS FOSTER BLACK,260000,1
Nukus Sepatu Safety Casual Ujung Besi Tali Pendek - SFM P Hitam,126150,4
Sepatu Casual Karrimor bahan Kulit,175000,16
Aerostreet 37-44 Jhosse Basic Low Hitam - Sepatu Sneakers Casual Pria Wanita,159900,135
Silikon Alas Kaki Sepatu Sport Shock Absorb Gel,24600,998
Aerostreet 37-44 Comfy Hitam Gum Denim - Sepatu Slip On Pria Wanita,129900,83
PAULMAY Sepatu Formal Pria Modena 08,211050,212
Nukus Sepatu Safety Boots Pria Kulit Nobuk Asli Coklat Tan,275000,3
Sepatu Boot LEGION Sepatu Safety Kerja Ujung Besi Uk 39 s.d 43,102000,99995
Sepatu Kodachi 8116 Puith lis Hitam / Sepatu Kodachi Badminton Putih,99900,8
Premium elastic lazy shoelace silicone - Tali sepatu silikon elastis,22500,283
Sepatu Safety Ujung Besi Original SevenPoint Septi Boots Casual Proyek Kerja Lapangan Works Boots,167000,969
SEPATU KULIT CASUAL ZAPATO BRADLEYS - SEPATU KERJA - SEPATU FORMAL - SEPATU SANTAI BRADLEYS ZAPATO INC TAN,350000,9
Sepatu Slip On Geox Italy Original Seken No 40,500000,1
SEPATU BOOTS PRIA BRADLEYS MORRISON - SEPATU KULIT ASLI - SEPATU KERJA - SEPATU MOTOR - SEPATU BOOTS CASUAL - BRADLEYS FOOTWEAR - BRADLEYS SHOES,450000,1
PDH SJ136 Hitam Semir Ujung TUMPUL | Sepatu Kulit H.Q TNI POLRI FORMAL | MADE OF MAJAPAHIT INDONESIA,315000,100
TERMURAH Sepatu Sneakers Nike Air Max Zoom Pegasus Untuk Running Olahraga Lari Pria Cowo Laki Hitam Putih Navy Merah Murah Grosir Grade Ori,120000,8
SEPATU KOBE 7 USA OLYMPIC HIGH PREMIUM ORIGINALS,600000,89
Sepatu pria Slip on Wakai hitam original,105000,44
NB new basket hc tinggi sepatu wajib sekolah,130000,7
Kodachi 8112 Sepatu Kodachi Baru Sepatu Kodachi Navy Sepatu Capung,97500,13
Sepatu Pria Olah Raga ADIDAS Neo Jogging,149000,989
AP BOOTS UNTUK PROYEK PERKEBUNAN BOOT SEPATU KEBUN ANTI LUMPUR,85000,989
sepatu sekolah warrior full black model pendek LC sepatu Pramuka sepatu anak,115000,483
Sepatu Sneakers Pria Import-Warm Zone-C19,199000,46
Aerostreet 37-44 Arrow Putih Hitam Abu - Sepatu Sneaker Casual,169900,103
Sepatu Pantai Beach Olahraga Air Rafting Surfing Diving Mancing Slip On,145000,100
sepatu kickers casual kulit asli sol jahit kuat,130000,294
Sepatu Pantovel Formal Merk Bally No 42,2500000,1
Sepatu Adidas Forum 84 Mid Original Pria Wanita Sneakers Running Lari Olahraga Adidas Forum 84 Mid Priab Wanita Original Import,1850000,16
Mandiens - PDH SJ.K164 Sepatu Bots Pria Bahan Kulit Asli Sol Tebal Jenggel Koboi,333000,99
SEPATU SNEAKERS PRIA ADS NEO JOGGING TERBARU TERMURAH,39800,9985
Sepatu Ventela Public High White Ventela Public High White,262900,1
ATT MSL 562 Uk 40 - 43 Sepatu Sandal Pria Model Baru,33000,5
MR Shoelaces RP01 Hitam Black Tali Sepatu Bulat Round 6mm 70cm 80cm 90cm 100cm 120cm 150cm 180cm 200cm,32000,12
Sepatu Nike Air Max 97 Silver,350000,14
SEPATU SAFETY SNEAKER ABU LIST HITAM IMPORT,328500,36
sepatu converse premium bamper warna/FREE KAOS KAKI,65000,871
Sepatu Patrobas equip Low allblack Patrobas equip allblack Low,247900,1
Aerostreet X Gibran 36-46 Putih Emas - Sepatu Sneakers Casual,179900,161
AP MOTO 2 - SEPATU AP BOOTS MOTO 2 - AP BOOTS MOTO 2 BLACK RED 39-45 - SEPATU BOOT SEPATU BIKERS,97000,55
JUAL SEPATU NIKE JOYRIDE RUN FLYKNIT DARK GREY BRIGHT CRIMSON - PURE PLATINUM PREMIUM ORIGINAL RUNING,399900,9
MANDIENS - Medali K177FT Sepatu Kulit Asli Pantovel Kantor Sepatu Kulit Original Sepatu Pria Cowok Sol Tebal Asli Kulit Sapi,320000,97
SEPATU KULIT ZAPATO BRADLEYS - SEPATU CASUAL PRIA - SEPATU KERJA BRADLEYS ZAPATO INC BROWN,350000,4
SEPATU SPORT NIKE BONUS KAOS KAKI - MASKER & SISIR,49000,899998
SEPATU BOOTS PRIA BRADLEYS CORDOVAN BROWN - SEPATU BOOT KULIT ASLI - SEPATU BIKER  - SEPATU TOURING - SEPATU PRIA BOOTS CASUAL - SEPATU KERJA,410000,9
Buckle Lock Shoelace Gesper Tali Sepatu,35000,17
Sepatu Safety Boots Pria Ujung Besi Resleting Morisey Zipper Cladico Lion High Kerja Proyek Industri Original,165000,220
MANDIENS PDH SJK182 Sepatu Boots Pria Kulit Asli Sol Tebal Koboi Jenggel Original Medali Export Quality,450000,99
DEFAshoesCOD sepatu casual pria wanita  senzi putih kekinian 2021,71205,414
Sepatu Safety Boots Proyek Kulit Sapi Asli Kerja Lapangan Sefty Septi Shoes Ujung Besi Lavio King Viora,250000,166
Sepatu Casual Pria J 35 Original Sneakers Kulit Sneaker Kerja Kasual Kantor,145000,213
SOL SEPATU SPORT INSOLE SEPATU ALAS DALAM SEPATU TATAKAN SEPATU BUSA SEPATU,6000,997
Sepatu Sekolah - Patrobas Ivan - All Black,235000,5
Sepatu Casual Converse All Star Low,53520,249
Sepatu Safety Shoes Cheetah 7012H,362000,36
Aerostreet 37-44 Vintage Krem Hitam Coklat - Sepatu Sneakers Casual,149900,139
SEPATU ANAK PEREMPUAN LAKI LAKI SEKOLAH SD TK PAUD UKURAN 29  37,70000,499
Sepatu Formal Pria Pantofel Kulit Asli Oxford Full Black,228000,98
Sepatu Pria Casual Slip On Formal Hitam Kulit Asli TPR Outsole Fordza MCL101,144000,38
SEPATU AP BOOTS TERRA 3 - AP BOOTS TERRA 3 WARNA HITAM KUNING - SEPATU BOOTS AIR TERRA 3 SIZE 39-42 - SEPATU AP BOOTS PANJANG TERRA 3,89800,37
Sepatu Sekolah Northstar,169900,143
Mandiens - Sepatu Boots Kulit Asli Original Medali SJ K.383 Koboi,360000,86
Sepatu PDH-R.03 KILAT | Tni | Polri (Tinggi),165000,957
NEW ARIVAL SNEAKER PRIA KEREN AIR PREMIUM IMPORT -SEPATU KETS AIR RUNING KASUAL SHOES IMPORT PRIA DEWASA SANTAI TOP ZO CLM TERLARIS,300000,3200
SEPATU ADIDAS NEO CITY RACER OLIVE GREEN ORIGINAL INDONESIA,200000,11
Sepatu Dinas | PDH-Tali Super Kilap,165000,269
DEFAshoesCOD sepatu casual pria wanita  senzi putih kekinian 2021,71205,414
Sepatu Boots Celana Petani Sawah Panjang 110 Cm,225000,25
Sepatu Boot Tinggi ARDILLES CRANE HITAM MERAH - Sepatu Motor Tangguh,80900,16
Sepatu Pria Safety BESI Hipzo M 052 Original 100 Untuk Pria Kerja Proyek Anti Air,160000,989
AP BOOTS Terra Eco 3 Kuning Size 38-43 - Sepatu Boot Kerja Karet Tinggi Panjang - AP Boots Terlaris Termurah - Twofeet,83000,52
Sepatu Ventela BACK TO 70s Cream High Sepatu Ventela 70s HC Cream,259900,6
Sepatu Warrior Sparta HC White Sepatu Warrior Sparta Putih Tinggi,119900,15
Sepatu Slip On Sport AIR-16,135000,7
Alas Sol Dalam Sepatu Olahraga Running Cushion Insole,18000,1000
Sepatu Dallas campus new model.,90000,12
Sepatu Safety Pria Wanita Unisex Outdoor Kerja Proyek Pabrik Industri Anti Slip Cladico Skyway Kulit Suede Premium Quality,205000,136
Tali Sepatu Elastis Elastic Shoe Lace Lock Press,50000,10
SEPATU SNEAKERS ADIDAS BONUS KAOS KAKI - MASKER & SISIR,49000,899996
SEPATU PDH PENDEK CEKO SOL TEBAL LANCIP EXPORT QUALITY PDH SJ277-LUX MADE IN MAJAPAHIT INDONESIA,320000,67
Sepatu Kulit Sapi PDH-SJ174 | Made Of MAJAPAHIT Indonesia,280000,100
Sepatu casual weidenmann stinger 03 brown.original terbaru realpict,295000,11
MR Shoelaces SQ01 Black Diamond Tali Sepatu Kotak Lilin 70cm 80cm 90cm 100cm 120cm 150cm 180cm 200cm,65000,5
Tissue Tisu pembersih sepatu sneakers shoe quick wipes shoe cleaner lap pembersih sepatu,6300,246
Sepatu Kyrie Irving 4 Ankle Taker High Premium Original,550000,90
Sepatu Converse Chuck Taylor All Star 1970S 70s Seventies Classic Dress Blue Navy Black White Biru Dongker Hitam Putih High - Original PREMIUM BNIB,350000,5
SEPATU BOOT  AP boot anti MINYAK ANTI AIR BOOTS,89000,7
sepatu kodachi dragon fly all black original.,130000,11
Sepatu Pdh jatah Polri  l  Sepatu Pdh jatah polisi,250000,1
SEPATU ORIGINAL PUMA RALPH SAMPSON PRIA WANITA LOW WHITE PEACOEAT RED,279000,28
Alas Sol Dalam Sepatu Shock Absorb Gel Orthotic Arch,20500,1000
Sepatu Ventela 70s Ethnic Low Black Natural Vantela Classic Original,185000,143
Mandiens - Sepatu Pria PDH Kulit Kilap Export Quality SJ. 282-LUX,399000,1000
MANDIENS Sepatu Pdh Pria Kulit K.177 - Sepatu Boot Pendek - PDH SOL TEBAL - PDH KOBOI,332800,78
Sepatu Pantofel Pria Kulit Kilap Sepatu PDH TNI POLRI Mandiens,160000,999
Sepatu Kulit Lak PDH-SJ273 | Made Of MAJAPAHIT INDONESIA,325000,63
SEPATU KULIT BRADLEYS - SEPATU PANTOFEL CASUAL - SEPATU KERJA - SEPATU FORMAL PRIA BRADLEYS BOLTON LOW BLACK,220000,4
Sepatu Skechers Hyper Burst Original,410000,17
Sepatu Adidas Tennis Grand Court Se White Black Sneakers Casual Pria,220000,30
SEPATU SNEAKERS PRIA ARMOR SEPATU GYM WORKOUT CASUAL SNEAKERS PRIA,169000,50
Mandiens Boots Kulit Pria S153 - Sepatu Kulit Hiker Flat - PDH TNI POLRI Sol Tebal Datar Tali Resleting,450000,100
PAULMAY Sepatu Casual Pria Modena 35,211050,215
Sepatu Casual Piero Arcwave St Black P21057 Original BNIB,343840,3
Sepatu Skate Piero Jorge Grey Black White P21034 Original BNIB,343840,3
Sepatu Original Pria Hipzo M 033 Badminton Olahraga Sekolah Kerja Sepatu Sneakers Ori,115000,495
Sepatu Dragonfly Falcon Allblack Sepatu Dragonfly Falcon Full Black,119900,8
Sepatu Top Speed Trainer Triple Black White Red Black White Green Premium Quality,389900,7
Sepatu Original Rafale Tactical Army Boot,309000,988
PHM Shoes Zelos Sepatu Sneakers Pria Olahraga Sport Shoes Casual Running,139900,146
Sepatu Basket Nike Air Jordan 1 Retro black toe,150000,2
Sepatu Patrobas Equip High - Black White,255000,5
SEPATU SNEAKERS SLIP ON MENS REPUBLIC - SEPATU PRIA - SEPATU CASUAL,168750,1
Sepatu Sneakers Casual Adidas SL 72 SL72 Navy Dark Blue List White Original,269000,44
Sepatu Pantofel PDH PDL Polri TNI Tentara Kickers Kulit Asli,231000,69
Sepatu Sandal Selop Pria  - Slop Bustong,67500,4
sepatu boot kulit pria model Diego   sepatu pantofel sepatu kulit sepatu kerja sepatu formal sepatu santai sepatu casual,310000,30
sepatu pdh kilap sepatu kerja dinas intansi,252000,178
Sepatu Dragonfly Falcon Merah  Sepatu Dragonfly Falcon Red,119900,2
Sepatu Converse All Star CT Chuck Taylor 70s High Black White BNIB Original,349600,2
Sepatu Vans Slip On Og Mono Checkerboard Black Grey ORI Premium BNIB Quality,270000,6
Sepatu Pantofel Pria - Sepatu Kantor - Sepatu Kulit Sapi Asli 010,139900,10
Sepatu Kulit Pria Pantofel Formal Kerja Kantor Anti Slip Murah 509,140000,14
Sepatu Skechers Go Walk Arch Fit Original Skechers Pria,380000,8
Sepatu Hitam Polos Adidas Fullblack Full Black Sekolah Kerja Jalan Running Sport Olahraga,65000,76
Lem insole sol Sepatu Lentur Perbaikan Kuat Tahan Air 50ml Shoe Repair,12888,5759
PAULMAY Sepatu Sneakers Pria Dan Wanita Moskow Black White,203660,40
Buckle Capsule Shoes Laces Lock Kapsul Tali Sepatu,26000,1
SEPATU KETS PRIA GEOFF MAX AUTHENTIC BLACK GUM,345000,1
Sepatu Ventela Basic Low Black Natural  All Black  Black White Original,189800,158
sepatu boot pria kulit alsi model Jason sepatu kerja sepatu formal sepatu santai sepatu kulit  asli,350000,42
Sepatu PDH Asli Kulit Sapi Termurah Bandung,172800,99
Sepatu Slip on pria wanita dewasa onke polos sepatu slip on termurah,39843,99996
Sepatu Warrior Classic Turkish High  Warrior Classic Turkis High,124500,25
Shoe Goo Advertencia 1Pcs Made in USA Lem Sepatu Sandal 100%,62000,80
Ventela Republic White LC  Sepatu Ventela Republic Putih Low,263900,5
Sepatu Sekolah New Basket Resleting LC Model Pendek Sepatu Sneaker New Basket - Original Quality,119000,521
Sepatu Sneakers Pria Model Casual Import Terbaru YASOP,124900,99
Sepatu pantofel pria - Sepatu Kantor Murah P I TALI HTM 001,59900,18
sepatu boot converse allstar,65000,4220
PHM Shoes Leto Sepatu Sneakers Pria Olahraga Sport Shoes Casual Running,99900,55
Sepatu Casual Formal Kickers Tracking Kulit Asli Pria Termurah,86400,940
Lem Sepatu Sandal,20500,986
Sepatu Joemen J 35 Original Import,95000,895
Sepatu Kulit Lak PDH. SJ253-LUX | Made Of MAJAPAHIT INDONESIA,399900,1500
PROMO MENARIK SEPATU COWOK SP08 LIMITED EDISON KOREA WHITE OFF TERBARU TOP PREMIUM SELLER MOTIV DUA WARNA TERLARIS,375000,572
"Sepatu Sneaker Pria Boxer Apollo White Uk 38, 39 Ori Gratis Kaos Kaki",169000,1
